{"cameraMode":{"drawMode":0,"name":"Shaded","section":"Shading Mode"},"sceneLighting":false,"audioPlay":false,"sceneViewState":{"showFog":true,"showMaterialUpdate":false,"showSkybox":false,"showFlares":true,"showImageEffects":true,"showParticleSystems":true},"in2DMode":false,"pivot":{"x":-0.5984794497489929,"y":0.6861770153045654,"z":2.514948844909668},"rotation":{"x":-0.15807051956653596,"y":0.15745854377746583,"z":-0.025544926524162294,"w":-0.9744815826416016},"size":0.059117984026670459,"orthographic":false}