{"cameraMode":{"drawMode":0,"name":"Shaded","section":"Shading Mode"},"sceneLighting":false,"audioPlay":false,"sceneViewState":{"showFog":true,"showMaterialUpdate":false,"showSkybox":false,"showFlares":true,"showImageEffects":true,"showParticleSystems":true},"in2DMode":false,"pivot":{"x":-2.8961734771728517,"y":0.40035563707351687,"z":-0.010440584272146225},"rotation":{"x":0.16514715552330018,"y":0.25114741921424868,"z":-0.043515272438526157,"w":0.9528515338897705},"size":0.415041983127594,"orthographic":false}