{"cameraMode":{"drawMode":0,"name":"Shaded","section":"Shading Mode"},"sceneLighting":false,"audioPlay":false,"sceneViewState":{"showFog":true,"showMaterialUpdate":false,"showSkybox":false,"showFlares":true,"showImageEffects":true,"showParticleSystems":true},"in2DMode":false,"pivot":{"x":-0.007956385612487793,"y":0.0,"z":-0.05856728553771973},"rotation":{"x":0.0019879431929439308,"y":-0.9971602559089661,"z":0.028427133336663247,"w":0.06981247663497925},"size":3.9048566818237306,"orthographic":false}