{"cameraMode":{"drawMode":0,"name":"Shaded","section":"Shading Mode"},"sceneLighting":false,"audioPlay":false,"sceneViewState":{"showFog":true,"showMaterialUpdate":false,"showSkybox":false,"showFlares":true,"showImageEffects":true,"showParticleSystems":true},"in2DMode":false,"pivot":{"x":-0.7356911897659302,"y":-0.3067944049835205,"z":-0.30756688117980959},"rotation":{"x":-0.060707204043865207,"y":-0.9391211867332459,"z":0.2259306013584137,"w":-0.2519989013671875},"size":1.8807611465454102,"orthographic":false}