{"cameraMode":{"drawMode":0,"name":"Shaded","section":"Shading Mode"},"sceneLighting":false,"audioPlay":false,"sceneViewState":{"showFog":true,"showMaterialUpdate":false,"showSkybox":false,"showFlares":true,"showImageEffects":true,"showParticleSystems":true},"in2DMode":false,"pivot":{"x":-2.6700425148010256,"y":0.40242159366607668,"z":-0.010440908372402192},"rotation":{"x":-0.0004242320137564093,"y":0.9984616041183472,"z":0.05517046898603439,"w":0.007784700952470303},"size":0.4504256248474121,"orthographic":false}