{"cameraMode":{"drawMode":0,"name":"Shaded","section":"Shading Mode"},"sceneLighting":false,"audioPlay":false,"sceneViewState":{"showFog":true,"showMaterialUpdate":false,"showSkybox":false,"showFlares":true,"showImageEffects":true,"showParticleSystems":true},"in2DMode":false,"pivot":{"x":0.00893145240843296,"y":-0.00925595685839653,"z":0.025845035910606386},"rotation":{"x":-0.11371081322431565,"y":0.28032320737838747,"z":-0.03346665948629379,"w":-0.9525850415229797},"size":0.14699462056159974,"orthographic":false}