{"cameraMode":{"drawMode":0,"name":"Shaded","section":"Shading Mode"},"sceneLighting":false,"audioPlay":false,"sceneViewState":{"showFog":true,"showMaterialUpdate":false,"showSkybox":false,"showFlares":true,"showImageEffects":true,"showParticleSystems":true},"in2DMode":false,"pivot":{"x":-0.09766742587089539,"y":0.7932524681091309,"z":0.46540606021881106},"rotation":{"x":-0.0014153380179777742,"y":-0.33112916350364687,"z":-0.0004967160639353097,"w":0.9435843229293823},"size":4.270318508148193,"orthographic":false}