{"cameraMode":{"drawMode":0,"name":"Shaded","section":"Shading Mode"},"sceneLighting":true,"audioPlay":false,"sceneViewState":{"showFog":true,"showMaterialUpdate":false,"showSkybox":false,"showFlares":true,"showImageEffects":true,"showParticleSystems":true},"in2DMode":false,"pivot":{"x":345.0,"y":168.77894592285157,"z":1.0226445198059083},"rotation":{"x":0.04139215871691704,"y":-0.018247168511152269,"z":0.0005262395134195685,"w":0.9991163015365601},"size":390.0927429199219,"orthographic":false}