{"cameraMode":{"drawMode":0,"name":"Shaded","section":"Shading Mode"},"sceneLighting":false,"audioPlay":false,"sceneViewState":{"showFog":true,"showMaterialUpdate":false,"showSkybox":false,"showFlares":true,"showImageEffects":true,"showParticleSystems":true},"in2DMode":false,"pivot":{"x":4.656612873077393e-10,"y":0.0015156622976064683,"z":-1.6298145055770875e-7},"rotation":{"x":-0.12462469190359116,"y":0.29271581768989565,"z":-0.0385141484439373,"w":-0.9472866058349609},"size":0.016207342967391015,"orthographic":false}